route,model,target_variant,macro_mean_mae,macro_median_mae,macro_mean_rmse,macro_median_rmse,macro_mean_r2,macro_median_r2,macro_mean_median_ae,macro_median_median_ae,worst_site_mae,worst_site_rmse,worst_site_r2,n_folds,ci95_low_mae,ci95_high_mae
CORE_CC,tabpfn_v2,log1p,1.8042702611975825,1.4245080692174823,4.0948924881596405,2.682162255093223,0.5682599353257108,0.5824134369675049,0.6851778951266367,0.6241025473853334,3.4192272583420253,9.61401425324643,0.3516309676645264,6,1.0785750056553083,2.625960491042377
CORE_CC,tabicl,log1p,1.8094249375837317,1.4284264184078075,4.131358541608103,2.6911111323458243,0.5663865905527904,0.5721588998477547,0.6781503289891379,0.5894005407504385,3.4348135582989956,9.752162983794635,0.33286359226882456,6,1.082955635450164,2.6413479691134043
CORE_CC,tabdpt,log1p,1.8117734987972411,1.4362270742626972,4.165672834648841,2.768707354036854,0.5461592368982876,0.5656862249026278,0.6862313374538921,0.5908357312505074,3.3933786478334445,9.557793084652838,0.35919190545626056,6,1.1002536016758695,2.6227167106482505
EXTENDED_FOLD_IMPUTED,catboost,log1p,1.8504001380111712,1.4241330617370809,4.175785874371194,2.664787523139821,0.5562291990991304,0.5676329124271853,0.7136482593036835,0.614064495028775,3.5154537540693473,9.670558981095049,0.34398178748604946,6,1.0781126015966995,2.701434196486946
CORE_CC,catboost,log1p,1.8548731888498213,1.449120032135762,4.179831134929136,2.7121958442327876,0.557721282889736,0.560722022069017,0.7022390138542959,0.6310296280683225,3.514816733382473,9.708995996597768,0.33875654801028543,6,1.089436692775869,2.703200591931312
CORE_CC,extra_trees,log1p,1.8697315692237628,1.4778306155180978,4.1899265759553534,2.7919585407744307,0.5500777292113718,0.5422393025510642,0.7060672198649615,0.6207904569300606,3.620069008188386,9.749453361347348,0.33323426627360786,6,1.1042055907893313,2.7501339595891747
CORE_CC,tabpfn_v2,raw,1.890317495487824,1.5130155397931435,4.157248657359752,2.9005753277843915,0.5267534902790144,0.518479611277636,0.778736205578804,0.6655235671119689,3.523882330220447,9.392598139887818,0.3811516697226841,6,1.1737375342709508,2.7217273661432393
EXTENDED_FOLD_IMPUTED,extra_trees,log1p,1.8930891939060996,1.471734112131823,4.2516823746184365,2.8985833101896192,0.5310257382327688,0.5062430700391363,0.7257534936844366,0.6117876025255301,3.5631527553895825,9.581561021912007,0.3560008708770247,6,1.1017967829597601,2.757017667570281
CORE_CC,xgboost,log1p,1.9079857820549624,1.497936187686802,4.3009778116385835,2.832140173413346,0.5303238475596778,0.5240929658579492,0.7398880228429717,0.6289377778345041,3.610300253785683,9.818081555299297,0.3238142548852916,6,1.1221151844113952,2.7800774080930655
EXTENDED_FOLD_IMPUTED,xgboost,log1p,1.9106611023199636,1.477554019768432,4.283473675586969,2.811109314773454,0.532934672777473,0.5294686108721943,0.7474700927764247,0.6335475192362651,3.688813176278895,9.780363127232839,0.328999722578868,6,1.1055947022167738,2.8155707092490854
CORE_CC,random_forest,log1p,1.923136276274693,1.5242776269399456,4.315229239119696,2.857073602712006,0.5308736269082716,0.525479940760499,0.7291434864909451,0.6282171622568774,3.6618067255899254,9.974470617672067,0.3021012007741647,6,1.1263955388136475,2.81450125134996
CORE_CC,tabicl,raw,1.9245435487371836,1.5831516273960549,4.256366316221704,3.140069982325852,0.5057048934427141,0.5074056971631506,0.7870142783025105,0.684599215576172,3.4973660455328437,9.478361856782666,0.36979867779757114,6,1.2006211502164248,2.7465540081503326
EXTENDED_FOLD_IMPUTED,random_forest,log1p,1.9263631530375112,1.5274702826933018,4.283170428939299,2.8508365910564892,0.5325218018449589,0.5189256563472735,0.7442582668616637,0.6432679645634808,3.712841622334146,9.911636447882193,0.3108663314450263,6,1.1227359192421804,2.834522086135126
CORE_CC,tabdpt,raw,1.9422805419075135,1.5963659203175995,4.249566283415979,3.093715609052416,0.507516682538357,0.5034626234303832,0.8181397866611482,0.7393914360237123,3.5110946410614248,9.408550119986735,0.3790478345394276,6,1.2240643924307875,2.751943927835307
CORE_CC,elastic_net,raw,1.945941996567637,1.5549230886182084,4.197526408775742,2.9580269812140334,0.5138823191999307,0.498195131578706,0.9324334109137604,0.8301265602988293,3.4581138050266014,9.479377545427733,0.36966360749064553,6,1.257089411553675,2.7206454450620807
CORE_CC,ridge,raw,1.9492173998394875,1.5704120209973276,4.224302506393456,3.040627796501293,0.5031375319038919,0.4997491746529561,0.9338539520591742,0.8120879864342223,3.4899056206164953,9.471758436300757,0.3429731989763526,6,1.2413217666920962,2.7510465515171334
EXTENDED_FOLD_IMPUTED,elastic_net,raw,1.952541957651584,1.5249946107790096,4.184335520332323,2.9271138871856333,0.5206659323340984,0.5041057476771977,0.9734657145481217,0.7978658851977434,3.498648861728935,9.476398210502044,0.3700597702341135,6,1.2125508416995106,2.766648592507975
EXTENDED_FOLD_IMPUTED,hist_gradient_boosting,log1p,1.9753935695977176,1.5479245922826943,4.3546713402128665,2.871491455136184,0.5097148395457524,0.5064686907323496,0.7469143321409494,0.6464075846593209,3.842373386104948,9.966447398582556,0.30322349451288444,6,1.156517281269206,2.917674899956557
CORE_CC,hist_gradient_boosting,log1p,1.9874479860003873,1.5569435899165118,4.3706032966811135,2.8786682807368207,0.5108784769890846,0.5122991736526779,0.7368453567598584,0.6443588230367505,3.8205048146214486,10.00049316525352,0.2984549330577907,6,1.181742745438473,2.9201090561781005
EXTENDED_FOLD_IMPUTED,lightgbm,log1p,1.9895384272407235,1.535993695704584,4.387600827104676,2.8153840991527073,0.5061404200902786,0.528126460413355,0.7857676198704199,0.6529167496124266,3.8063537296713292,9.900250552875466,0.3124486931261623,6,1.155444699564763,2.9238626785895914
CORE_CC,extra_trees,raw,1.9938252432789125,1.5273302338015307,4.168598232189147,2.741141916980717,0.5457515823740349,0.567352615447501,0.875948447818676,0.7320357382666738,3.8034233748495847,9.632890541254826,0.34908243482856105,6,1.207919006898205,2.89887864316127
EXTENDED_FOLD_IMPUTED,catboost,raw,1.9988565619663312,1.4981486663459918,4.18363221524228,2.7156204449818,0.5411304240001593,0.5529207049127107,0.9010808116655409,0.7416968391804405,3.7280095580468324,9.44667040400422,0.3740058619042803,6,1.2196896023023438,2.8779216959316596
CORE_CC,lightgbm,log1p,2.0128557705259382,1.5671587985284314,4.422227334080802,2.8816930753540526,0.5018474064735828,0.5183057369246336,0.7572640804034824,0.6344521986328095,3.8074574323942945,9.971146488452892,0.3025662919673161,6,1.1849521131773226,2.941687929325387
EXTENDED_FOLD_IMPUTED,extra_trees,raw,2.0290597433757607,1.4938408820377655,4.143173897913406,2.7877956567017868,0.5524010151609999,0.5422273047489901,0.9355616936392671,0.7179006827790564,3.9056842161320002,9.332127725343849,0.38909442450066234,6,1.160915664052062,3.005909280217637
EXTENDED_FOLD_IMPUTED,ridge,raw,2.0402592033591125,1.5492642396370382,4.199310122168044,2.8464803560577447,0.5254482414379038,0.5198439371626546,1.1125824311318075,0.8804586771624239,3.781427539937937,9.561724600750345,0.3586646152182864,6,1.2089954190787073,2.9586730556454253
EXTENDED_FOLD_IMPUTED,random_forest,raw,2.044496250623149,1.6267437258969137,4.2973036596021075,2.9839544962165414,0.5164904442309893,0.5093722935615068,0.8637477417128426,0.7050391296725225,3.870059007090511,9.79217353251347,0.32737819381647526,6,1.2331683713315194,2.980650667378372
CORE_CC,random_forest,raw,2.0461351690586382,1.5882395073963753,4.291064709823264,2.859689086522324,0.5192296043335077,0.5296203346519841,0.8790241062852072,0.7328048124801108,3.85582685479357,9.824865607121042,0.32287947674998685,6,1.2275125209117488,2.9748001323764637
CORE_CC,catboost,raw,2.0603270373475175,1.5552500637046847,4.32088962824517,2.739679877577709,0.5168675246860833,0.5236937447283074,0.9361027168467423,0.7934132896798601,3.814583365422206,9.89569997305448,0.31308060401180327,6,1.2563742631997246,2.9646584075816187
CORE_CC,xgboost,raw,2.12284790981945,1.599071021613121,4.372294231993223,2.80832951560331,0.4860242666003443,0.4282653480799123,0.9688735905075072,0.8554590845870972,3.7822623880832613,9.440459821505547,0.34929079775876337,6,1.3183644543975297,2.994987284175576
EXTENDED_FOLD_IMPUTED,hist_gradient_boosting,raw,2.1682428146540516,1.6010281323251103,4.350256224610998,2.8461970959154703,0.5037171493752178,0.5146876504963251,0.9796175175302735,0.7534758146787306,4.120734962920721,9.817786585040839,0.32385488434772025,6,1.254512055304426,3.1833443696679145
CORE_CC,hist_gradient_boosting,raw,2.1685683468982835,1.654402147973872,4.425929449723983,2.900551608410667,0.4894382000401422,0.4884199955889909,0.9470299515731799,0.7967909720060062,4.05413435147077,9.945569553426758,0.3061396700735409,6,1.297063007086802,3.1439575766474492
EXTENDED_FOLD_IMPUTED,xgboost,raw,2.189711874387148,1.6768004745563048,4.686697875811613,3.5987156638945272,0.39875038459548867,0.38639036087764356,0.9344772386067709,0.6934791509857178,3.995100766051713,9.519063427010272,0.19916025045578933,6,1.3013597184993264,3.1519220553126353
EXTENDED_FOLD_IMPUTED,lightgbm,raw,2.245393626478456,1.669568027671846,4.603197130029042,3.190727285576849,0.42691350188893323,0.4432245374173143,1.0320001357021986,0.7560490429002156,4.175664925679748,9.957367600266581,0.30449249398895795,6,1.3332884770889615,3.252640237568728
CORE_CC,lightgbm,raw,2.2819390298890236,1.7754013826641764,4.589645319732764,3.1342876765777756,0.44046888596899963,0.42933052920555537,1.0463107605064026,0.8780234045552735,4.222552137642269,10.127854234928073,0.28047212297179,6,1.3807773828998737,3.281301436997207
EXTENDED_FOLD_IMPUTED,ridge,log1p,4.524254379275132,3.3907202146995434,36.15875588855751,10.673044560571427,-73.68557808602365,-0.3752915778224204,0.9777768124415754,0.8975842615502523,13.05927373339049,146.40814437897674,-260.00317562054,6,1.9431450703423907,8.24647817351244
EXTENDED_FOLD_IMPUTED,elastic_net,log1p,4.623761320901279,3.6303088564277526,37.68283211135215,10.403023309154998,-86.56969628714023,-0.31123142463351255,0.9616357735941775,0.887644652849437,13.225924132254166,148.33743369583397,-266.9272221333988,6,2.0287453518799494,8.404035609191448
CORE_CC,elastic_net,log1p,5.061723195488402,3.803332335822656,42.73311422144071,11.504058427930785,-121.34273460949032,-0.5944455587532891,0.9844258459357745,0.919624327438415,14.433450407215865,162.16461859075312,-408.36893518395647,6,2.1237757273827107,9.222166002061623
CORE_CC,ridge,log1p,5.0862480001926205,3.8108952363340753,43.08329532840952,11.578346808967208,-123.05902105197858,-0.6145840534316274,0.977631390420525,0.9069825818599535,14.546923638494743,163.8138372342484,-412.0792294436349,6,2.1257464187564286,9.284167370650895
