file,sha256,size_bytes
".gitattributes","dc9c6d9e8f1691a47c90e278f691a1430e786b7e1d888e0308ec464790aa6ac9",327
".gitignore","18b22496402b3df615f1bbbd2f710355c04ab65578595e3f3cd56f6389a52b40",602
"CITATION.cff","5131813d813b2fc453bbcbce018b63d553abe69ecc221d3299855ef6ca6e95c2",1890
"LICENSE_PENDING.md","9de69c9ddc616d37ab41a7725bc90d98467f09aafe1b650c7065db55f8364cb6",1482
"README.md","8cbb288cf308acf378bde7dfc10d3b80f5aacfcc7b52a3509a7861675b781fab",10556
"artifacts/README.md","c5c244dfb8af9f3bcedd4e805dcf96a30ce0c14bee1cc4b08cce173b6f0edce7",5338
"artifacts/frozen/g5_macro_metrics.csv","8b36b11c62bebbec102e8f87eb85677d0ded496ea4c8e5cdae113bba3eb9ce35",10691
"artifacts/frozen/g5_qualification_macro.csv","c19559936ff482fd3439fe5953148d2b6c0ad38ea68b84b55135c16d271c4b0b",2548
"artifacts/frozen/g5_selection_freeze.json","00257cc168360630755e66ca18a2d08f8fc85767fa394bdf7bec5b7bd13d9801",1046
"artifacts/frozen/g5_uq_summary.csv","7f485d2aee3b5b1f0281499ee14d20a7fdf2253d1a3e75f4a27034346bde576c",755
"artifacts/frozen/g7_6_300panel_ablation_summary.csv","d103206e77643b6cd630463ca047266d18e4745921e73a3953d740d2492c34e5",3945
"artifacts/frozen/g7_6_full1387_status.json","11f6cf71b08395546e9127c722998eb45989c4817d9352864b562dc3ce101e82",671
"artifacts/frozen/g7_6_matched_convergence.csv","9895f3750a2adb8301e65a4ace7853c4bd201d3da9b4c13aab57cde2058d3b7e",290
"artifacts/frozen/g8_dev_vs_external_corrected.csv","ce317fce52973e3838c2042f4402c8b13b7cf85230777021d24bf99334ef5bf5",1043
"artifacts/frozen/g8_external_prediction_metrics.json","7ba5036960366da86478d3ffc09fc744480c2402fb030bd99468bd28c583daff",2803
"artifacts/frozen/g8_external_prediction_uq_corrected.csv","8ea4281f6d0160f2f9067961e666ffe44df12a48b780a38d09f43b9fcb06d45b",489
"artifacts/frozen/g8_external_protocol_freeze.json","c9cd93658b52a5e79328f3c9662e7407ce1742fbe5e945775805a8584f5aa86e",3814
"artifacts/frozen/g8_external_validation_completion_manifest.json","addd8d9ac991422d71e42ffe61583963c9144cacf28f4f4499d23a894a8903d1",569
"artifacts/frozen/g8_external_validation_freeze.json","cfa9ada8c545840fea999ec1e3920f14405471dd489dfc270a2cd4eeba33b661",767
"artifacts/frozen/g8_observed_action_safety_corrected.csv","2cd6c98dca0acc76486e1d515438e296803f0bd3cefd22a379968999fe23cce5",250
"artifacts/frozen/g8_recommendation_availability_corrected.csv","6c03f2fce11917e4cf57a51286c1965903303f436ee2561cbc13f7ac9b852cfa",215
"artifacts/frozen/g8_unique_decision_verification.csv","8b1e4f732ee67b7d3454315a86645feb9628b44a17f63fef8015c488192592fd",166
"configs/external_validation.yaml","e612e265556609442464cc73339c1b5f389f141025b9685f234b0c9dc777cc15",2044
"configs/optimization.yaml","8293ec95deae9fa4f771e81794a9225905bd29413aca2ebe9365829e80b2f196",2114
"configs/prediction.yaml","79c9ef0cf29d9171ad2e488595f52b2127b13053aba04a9bc36f15393573930e",1544
"configs/uq.yaml","e088bb1234b61bbe8cb56a772d19240e4bdcbe69014c567486ce459676ad2e32",1450
"data/README.md","763a8eef6ec2673ab975955d5e301d3ccbdd136d3c051c7147f619fbe06cc87a",7638
"data/example/synthetic_demo.csv","5b46fd5e6ee23cdaec16a41c473daab9302c381d7d397a4686df1c01539d063a",36249
"docs/data_dictionary.md","b0b06b414033feaf0f826406a5304a4d55ee961daed084f2edd3577977ed1d6f",4303
"docs/evidence_manifest.md","fda350b32c93a45170a661bb0ce9de3f9218844e0ea3ff451cb651941398fb13",5831
"docs/method_overview.md","a080013d5040267f70be16fd58ba303de62476a567f3532f9935dbbbc43e595d",4487
"docs/reproducibility.md","a22ba4365765588be865631d3f65887147d21d7dca7dd5b19d89517ee9639816",4551
"pyproject.toml","4fbc35dfe2340b7a9d6b1a857fa662f702d7025c43f9afed84959048474361d8",1116
"requirements.txt","59e1d40e3cf19cb6eeefa1e1cabc8e75fe992de1aafa5f454cebeca5d421bdc0",1480
"scripts/15_g5_pipeline.py","55bbb8a88730223bac2d3442a66660aaf755c0e89a736fc9afae143397f4e9c4",12098
"scripts/17_g5_uq.py","8555cca0b6956aa9be7151252c7415c5c65e5cf238972f053591cdaf1dff3288",10215
"scripts/209_g8_preoutcome_freeze.py","908328f8c7d0601847ae944f4ca3c489c44b9c7e5380f2a6739014cc1af25c47",4510
"scripts/210_g8_unblind.py","9c0e0cb2525327dcfe24f6a5a10296f822b9181d2ea29f2c9ad88d4273c34f7b",2759
"scripts/211_g8_external_evaluation.py","f4d070f278e12bc033656886e78a7e6d7833ebf9c91591a94b827a56dad777b3",6026
"scripts/215_g8_1_reconciliation.py","267bd1d051f64736ac4c1d44926165d27321ee76e44beac3501103af280db3f2",15039
"scripts/27_g6_interpretation.py","dab900ddf7cf5924ddec994bcfe3918767fad1a2521d0b1b7b1c52c38a454a59",10862
"scripts/40_g7_0_eligibility_constraints.py","2aea5067e8404e93ae2fa2fa0978880a4ea3e78ec4e49a37d733ef829e014409",6257
"scripts/99_g7_5_optimization.py","b52a94f31dc9da9dc1ce3aa70a062e8e74bfea8660ac937517996c1c4a73e0dc",8724
"scripts/__pycache__/15_g5_pipeline.cpython-311.pyc","3edd6823a3548a187b0d4df8a67b219115ff8e70a80780b75216b6635875f0a0",18334
"scripts/__pycache__/17_g5_uq.cpython-311.pyc","7c226b02b6d226c348bc7e9eaddbc7ca30aecf0b8ffa33fc9b725bf9f7247f27",15910
"scripts/__pycache__/209_g8_preoutcome_freeze.cpython-311.pyc","372c65c0749c6bfaeac9d8a3314be69840ea057ef26dc1866edf764a80e2ad92",7505
"scripts/__pycache__/210_g8_unblind.cpython-311.pyc","25811f5fa010d5ba0f345e2891dcdb3eb55ee81d62b40f8a92c495c77dc20ca3",5124
"scripts/__pycache__/211_g8_external_evaluation.cpython-311.pyc","f8c8024b0b3c4ae4b450d13e871f5e4ec92f99e22d1210cef28544762cb911da",10198
"scripts/__pycache__/215_g8_1_reconciliation.cpython-311.pyc","919ac94a8f66168f18492b9bdf64446ae81f076a8e2b8e72d47e241b8ec305eb",21764
"scripts/__pycache__/27_g6_interpretation.cpython-311.pyc","581626d10efedb8df74667710403679d49d150028fd508d7e006a1ac0b62153f",21236
"scripts/__pycache__/40_g7_0_eligibility_constraints.cpython-311.pyc","f16b8f627cd35f57d448f6ab2c205f96b1976431310ecbe6d29706250dc03cfc",8694
"scripts/__pycache__/99_g7_5_optimization.cpython-311.pyc","bf70fad5aca2f8074ae2015315559817b1f957543c11e93d9a10b71f056123ca",14784
"scripts/__pycache__/verify_frozen_results.cpython-311.pyc","88a1eafe3d2ac3d6a0940a68391c9980dfb8764fb2700303c899db092817ac35",21483
"scripts/verify_frozen_results.py","3a50613e14561126183fce27f622ed8c8204cdc38224439ff6803608725c0752",12895
"src/pis_cmoo/__init__.py","8084b02a74d01700391aca7985d3f33357cd766a7feb30a5b414a81bd57c4e9c",362
"src/pis_cmoo/__pycache__/__init__.cpython-311.pyc","930d7d9537cd79e8cdd0f79038060b6b9506f62f49c6fc882e98eed4ee3c6d37",517
"src/pis_cmoo/data/__init__.py","a11c02d5befe621ca64146a4687fcbba862e468cbd330d868c6765515676e09a",21
"src/pis_cmoo/data/__pycache__/__init__.cpython-311.pyc","aaa51d385485b49b58a6c15ac210229cd13d653eb34c64e9dd548cc8d02f1d2a",167
"src/pis_cmoo/interpretation/27_g6_interpretation.py","dab900ddf7cf5924ddec994bcfe3918767fad1a2521d0b1b7b1c52c38a454a59",10862
"src/pis_cmoo/interpretation/32_g6_1_full_tree_shap.py","064cee18966470a5e7653948ed3b63f88b707b3f3aaf1bf2e09ca1fc5cb69a07",4858
"src/pis_cmoo/interpretation/__init__.py","00bf3c18eceb32858ec4bf962f11a498956882656c5c45eb22058bb5a52bec0e",29
"src/pis_cmoo/interpretation/__pycache__/27_g6_interpretation.cpython-311.pyc","733209d8604f364c8c65ebf58e4b3f1fadd958b428bac236aa5cb67005825e1f",21256
"src/pis_cmoo/interpretation/__pycache__/32_g6_1_full_tree_shap.cpython-311.pyc","f1703cc5beddf47d5e88fe00f86bc0372573252b411f842467aef6db32ae4560",10908
"src/pis_cmoo/interpretation/__pycache__/__init__.cpython-311.pyc","d30185cae229456f44c1054fff4ed51475cccb13287f97d23a64452c275e4eab",185
"src/pis_cmoo/optimization/115_g7_6_finalize.py","2f789d08d7e4d7923d809a2fd54a21d65683db51e0c8a2ebf97f33d5e39cf166",4462
"src/pis_cmoo/optimization/40_g7_0_eligibility_constraints.py","2aea5067e8404e93ae2fa2fa0978880a4ea3e78ec4e49a37d733ef829e014409",6257
"src/pis_cmoo/optimization/99_g7_5_optimization.py","b52a94f31dc9da9dc1ce3aa70a062e8e74bfea8660ac937517996c1c4a73e0dc",8724
"src/pis_cmoo/optimization/__init__.py","c13c864cc2e9df72e1a18a2bc6ac10f33e479141a194bd3face21a239036f759",70
"src/pis_cmoo/optimization/__pycache__/115_g7_6_finalize.cpython-311.pyc","4cfc36c49052c190e8bef2d6e2deefa1c1db1ca3d2aa5ab27b878a81dc8f19b5",8217
"src/pis_cmoo/optimization/__pycache__/40_g7_0_eligibility_constraints.cpython-311.pyc","ff7965583070644b99660a6f6ed748ed7a67fc2b084129ea1b6d1872d95fd237",8712
"src/pis_cmoo/optimization/__pycache__/99_g7_5_optimization.cpython-311.pyc","332b86d603ff9e66b40e9c48b1a0e339c698709896671dad1d7122e622c73809",14802
"src/pis_cmoo/optimization/__pycache__/__init__.cpython-311.pyc","a31a2f1e0ef6938a7066d1077d05a7c92d15fdbbbaa5ba2ce4770c738a12b894",224
"src/pis_cmoo/prediction/15_g5_pipeline.py","55bbb8a88730223bac2d3442a66660aaf755c0e89a736fc9afae143397f4e9c4",12098
"src/pis_cmoo/prediction/19_g5_selection.py","ebf64b8379be9b7519555ac62254a08f131e4faf4b397fce9654b416b908013b",5897
"src/pis_cmoo/prediction/__init__.py","9bb689e861408e37857dc387be32c29811cca388538344877d5757c9feb26840",66
"src/pis_cmoo/prediction/__pycache__/15_g5_pipeline.cpython-311.pyc","ba661eca960c2aef60b13480aa79bffb0ce115e6788fd98a093279be41f582b5",18350
"src/pis_cmoo/prediction/__pycache__/19_g5_selection.cpython-311.pyc","6174cbd10d8bb2e6f8d0ab9e64cc23876b04ea07b171b39c00cd6c142fa31e18",8720
"src/pis_cmoo/prediction/__pycache__/__init__.cpython-311.pyc","0b1187195bfa86554096ed5ea7512936a11aca646a53c51133560404a68678e9",218
"src/pis_cmoo/uncertainty/17_g5_uq.py","8555cca0b6956aa9be7151252c7415c5c65e5cf238972f053591cdaf1dff3288",10215
"src/pis_cmoo/uncertainty/__init__.py","64db67af76d5b8f1666bfad37694d4b74560b9a5480870c68b11dd4c287fc1ea",42
"src/pis_cmoo/uncertainty/__pycache__/17_g5_uq.cpython-311.pyc","3df399c41232db839f5b27e893e4c4ee8802979784651b8b3d4e8e40a6431dac",15927
"src/pis_cmoo/uncertainty/__pycache__/__init__.cpython-311.pyc","d5debdc2050ec5ad65bdd05b8c288690245c902c75cd9f12d4ec44794d9b5894",195
"src/pis_cmoo/utils/__init__.py","d3d89af5835e60d2c21fc24748ca17a2211affb89fc79a65df65065129bfa5e9",67
"src/pis_cmoo/utils/__pycache__/__init__.cpython-311.pyc","c99bb690cd8f4efe10cd41c9f2c092d577e0e1e5e34249c49363a5b8055373d9",214
"src/pis_cmoo/utils/__pycache__/_common.cpython-311.pyc","80eed5b9b23469c936067e78de9df44e637f01741e85df7ac9f6a3b1ad2bd3fe",9668
"src/pis_cmoo/utils/_common.py","e68c8ea9d5334b1af3914fe17fe114efa1ac6f7394b54dbc95f9b83d17d78055",6051
"src/pis_cmoo/validation/209_g8_preoutcome_freeze.py","908328f8c7d0601847ae944f4ca3c489c44b9c7e5380f2a6739014cc1af25c47",4510
"src/pis_cmoo/validation/210_g8_unblind.py","9c0e0cb2525327dcfe24f6a5a10296f822b9181d2ea29f2c9ad88d4273c34f7b",2759
"src/pis_cmoo/validation/211_g8_external_evaluation.py","f4d070f278e12bc033656886e78a7e6d7833ebf9c91591a94b827a56dad777b3",6026
"src/pis_cmoo/validation/215_g8_1_reconciliation.py","267bd1d051f64736ac4c1d44926165d27321ee76e44beac3501103af280db3f2",15039
"src/pis_cmoo/validation/__init__.py","55e648cff985497303bc39b624af89d5b7f84637e7f9b88ddb4e3ca1f1417bfd",63
"src/pis_cmoo/validation/__pycache__/209_g8_preoutcome_freeze.cpython-311.pyc","21d4f060c61726a6e73800eae53f3cb03338bd5d52dbf82cc3ef726834080bea",7521
"src/pis_cmoo/validation/__pycache__/210_g8_unblind.cpython-311.pyc","1a642ba40200f5a4b7697b8c3c446178a5c6aa269efc199d5fec529789205677",5140
"src/pis_cmoo/validation/__pycache__/211_g8_external_evaluation.cpython-311.pyc","92fd2c6dceecc79a4c1575776185c1c4d5ebcd73183328074ff19ea6c35bd3a9",10214
"src/pis_cmoo/validation/__pycache__/215_g8_1_reconciliation.cpython-311.pyc","f1f73b7e293885e615983225312b297361857f873c145cbb229f1d1dd4846a26",21780
"src/pis_cmoo/validation/__pycache__/__init__.cpython-311.pyc","fccbbb4b06061eeb4466e3a86a62c603126c8fc0f3d294fb448f3a8837c4c8f9",215
"tests/__pycache__/test_data_schema.cpython-311.pyc","d0d7e071d680a77338fc83042ef024120e37ab80b8bf401e8b354c596e8b0e1e",4060
"tests/__pycache__/test_frozen_evidence.cpython-311.pyc","866ba2032d15d3fbbe3b6dcce179e64552636f7a3169709879fdf01e594da574",1966
"tests/__pycache__/test_imports.cpython-311.pyc","8aa2893e55c107cbd5ea2178454f926bad02e09b68b1f06d0cb06ec368e114c8",1896
"tests/__pycache__/test_metrics.cpython-311.pyc","9ceb30fbd04dee09ec6a9b18577e50439efc1d661851111be010ee604b0427d5",7240
"tests/test_data_schema.py","3628331e0b9ecc2f675be1796cb75ac9a0b5a4e4be10cbf9ed41ee30ca2048d1",1679
"tests/test_frozen_evidence.py","f9ab630db0fac0d1b5c2a4c41dbe32c20f49e4c430b77004c6ed3a7e19b9de27",906
"tests/test_imports.py","38480aebd8132c039f004b48c28356cb457c9c462c6d2dcd1cc7888e683405d0",908
"tests/test_metrics.py","53579478c82f5db3ccc2c4ada34aa9d46cfd5a9a1779f037b3882ae92ce755ed",3608
