record_id,WCR,GP_MPa,grout_take_L_per_m,grouting_time_h,depth_m,section_length_m,pre_lugeon,acceptance_threshold_lu,post_lugeon,allowable_GP_MPa,min_WCR,max_WCR,max_grout_take_L_per_m,max_grouting_time_h
SYN-0001,1.4155564820542486,0.85148503382428,11.664565461205493,6.89322108296724,210.25631994747297,7.380782127295383,1.508084220474542,3.0,2.263533423101475,1.5,0.6,3.0,60.0,16.0
SYN-0002,1.111818490948192,1.0108371251006667,34.73408245777249,5.8923573615927065,190.2732845557324,6.815757878966486,1.5142218780182979,2.0,0.01,1.5,0.6,3.0,60.0,16.0
SYN-0003,0.6,0.6627172393492758,12.515093128826557,3.7249635058817647,128.82390216273367,6.7092244920473725,1.431491454256936,2.0,3.4807050588018917,1.5,0.6,3.0,60.0,16.0
SYN-0004,0.6,0.5995445024445429,15.2056665758208,3.151515708365467,220.40947525027235,5.487916552546053,0.23611494645656575,2.0,1.9575602222464608,1.5,0.6,3.0,60.0,16.0
SYN-0005,1.2961159466032146,0.9632150429734487,60.0,7.4341087341837495,104.62175463747343,6.244696930204535,0.9890602936789065,1.0,0.30298931040992216,1.5,0.6,3.0,60.0,16.0
SYN-0006,1.5690640489981842,0.3,3.5305690925905813,5.640965426807651,171.17922175630616,6.300010605304725,2.487220370258159,2.0,0.010537461221518434,1.5,0.6,3.0,60.0,16.0
SYN-0007,1.1936645153453913,0.7087746469162519,3.2900504767135033,4.391483076612745,215.6675583543135,7.499038965660267,2.1227441695348936,5.0,3.1529210711531093,1.5,0.6,3.0,60.0,16.0
SYN-0008,0.7006307375629865,0.6961233449666101,3.3641574679183037,6.088162920716638,222.7615188829243,7.1412582210954625,2.793970232557236,2.0,4.970966436682914,1.5,0.6,3.0,60.0,16.0
SYN-0009,1.5765822190060645,0.35859150755745806,4.284944371561536,2.8917254213927666,196.4181228282239,6.380317041657234,1.298958250448272,3.0,3.76986558186086,1.5,0.6,3.0,60.0,16.0
SYN-0010,0.871694071380337,0.7161477582794454,8.189636793068782,5.538240128980677,115.19848144445776,7.404813001144432,0.564717051020752,2.0,4.830972625248005,1.5,0.6,3.0,60.0,16.0
SYN-0011,1.4254944157989113,0.9499295900745816,31.44481321057109,5.0281165790995095,250.15904481422461,7.2490634618437175,0.9232699154308577,3.0,1.3153122341240695,1.5,0.6,3.0,60.0,16.0
SYN-0012,0.9696670587312531,1.1897931183668877,2.936972038458441,3.0173890208233223,57.8283621463913,6.678496705475503,0.5514802328642584,3.0,2.659226098079523,1.5,0.6,3.0,60.0,16.0
SYN-0013,0.8453553061233492,1.0784676974254437,9.069954471375404,1.7181530690812155,41.05737480028279,7.266087607298566,5.0698311718742,3.0,6.573409710930736,1.5,0.6,3.0,60.0,16.0
SYN-0014,0.7467624960415649,0.8884964562630355,60.0,7.751584791489538,219.40678925133219,5.8759509499520135,1.9858331370976081,2.0,1.0630526327312437,1.5,0.6,3.0,60.0,16.0
SYN-0015,0.6,0.5718720119450453,16.430455336416454,3.0538037428480713,197.16540595368264,6.559534520420184,2.5968332047134615,2.0,7.363527833212945,1.5,0.6,3.0,60.0,16.0
SYN-0016,0.8601221411530837,1.2513984932293059,41.73452534327441,4.710669578261525,131.52858762725288,7.079992205614071,1.1271907880262881,3.0,7.57936939765521,1.5,0.6,3.0,60.0,16.0
SYN-0017,2.039411313666273,0.49784938659049016,3.7664154188157704,5.845090609561216,199.52098302496324,6.699458652706443,1.4544105499840312,2.0,1.3214430088216518,1.5,0.6,3.0,60.0,16.0
SYN-0018,1.012991954738892,0.6710127161306592,29.51481548117138,5.1991184865277225,207.71691445505414,5.847918676597291,2.1020657481463068,2.0,12.127287370548759,1.5,0.6,3.0,60.0,16.0
SYN-0019,1.2627287959747246,0.3712335482301222,5.415046981866446,8.356978809550387,160.3104083600395,6.636637232561895,2.9305380794301104,3.0,2.7226119229866486,1.5,0.6,3.0,60.0,16.0
SYN-0020,1.0585356707166385,0.49935596703964846,4.9800411704134095,3.30602407469535,113.05263076884809,7.342234032708609,1.1550702065430127,2.0,1.7061355585649594,1.5,0.6,3.0,60.0,16.0
SYN-0021,1.0301155008174865,0.8485975518566861,42.55819854729254,2.617681419599626,232.12016250607863,4.599590936221636,1.4906944667885844,1.0,2.2908577655177775,1.5,0.6,3.0,60.0,16.0
SYN-0022,1.0504645762987046,1.0087237648866156,26.121179912682734,4.573648864326135,228.0346540329487,6.250006199640246,3.7488656349830505,0.6,1.8557511093685348,1.5,0.6,3.0,60.0,16.0
SYN-0023,1.1188683777937658,0.5994035550241457,17.540022642272618,5.919583078355281,175.2557624989578,6.427855804005146,2.2959511749755426,2.0,0.7063193989298964,1.5,0.6,3.0,60.0,16.0
SYN-0024,0.7470294962548347,0.8054109299094424,2.5969932562686937,4.856947490601321,158.5599121453648,7.517627459102236,1.0653352532573923,2.0,0.3218404169857604,1.5,0.6,3.0,60.0,16.0
SYN-0025,1.6900666187039843,1.2957744730017446,4.881307173973539,5.225682114532449,185.38154787239043,6.729971709530965,8.383882834612319,1.0,1.4894882900347217,1.5,0.6,3.0,60.0,16.0
SYN-0026,1.229102942725346,0.451815219206334,38.495281761457115,5.507857037393625,148.20433324445585,6.74158868656778,1.1793536615036788,2.0,10.541739972947301,1.5,0.6,3.0,60.0,16.0
SYN-0027,1.7709705703225889,0.3,25.792389370521054,4.720880985352455,221.6988601905988,6.706915394373955,0.7131682749876348,5.0,4.181349506786023,1.5,0.6,3.0,60.0,16.0
SYN-0028,0.664746150329909,1.1677232588858708,7.743821562435007,5.655873773485182,176.87609010587084,6.68316055633198,1.6688119468610887,1.0,0.01,1.5,0.6,3.0,60.0,16.0
SYN-0029,1.4876785854416819,0.6068527323513414,7.80018103380595,5.988578657858754,236.76980714152188,6.78060737974122,3.5549562633813863,1.0,1.3849271446832092,1.5,0.6,3.0,60.0,16.0
SYN-0030,1.1553321691537963,1.0209456159381478,32.75389426692965,7.347360068603374,234.7196970021538,5.920429534617458,2.211152070858129,5.0,0.01,1.5,0.6,3.0,60.0,16.0
SYN-0031,1.345280848549519,0.5393328389494557,21.898042469852083,8.205110220752058,41.086106185743034,7.110591219571811,2.4956774985326313,1.0,1.903462811763117,1.5,0.6,3.0,60.0,16.0
SYN-0032,1.548765036001759,0.7854998579018968,8.555465127320002,5.911624927427181,193.1142441427526,7.273943977573413,0.5357197735525759,0.6,0.01,1.5,0.6,3.0,60.0,16.0
SYN-0033,0.6938874814254574,0.630462114036732,13.83133888642358,6.684313209538171,341.856951234005,5.083961785706944,1.4117415118874237,1.0,0.3155666900206061,1.5,0.6,3.0,60.0,16.0
SYN-0034,1.6506504259854102,1.0208817811760929,28.214331011212103,4.611043460095662,105.23461008890979,6.8278413322213405,0.6389230282537719,2.0,0.8468748058042852,1.5,0.6,3.0,60.0,16.0
SYN-0035,1.289708647415652,0.5035582134579984,46.67836196101922,5.745906063510064,143.361512658415,6.619929341935121,4.109640627599247,2.0,2.3989371191531412,1.5,0.6,3.0,60.0,16.0
SYN-0036,1.3467055036186089,0.5028411532591215,13.322009010757105,1.7727691365606022,213.42543804508543,6.085524660687067,1.2253788019572964,5.0,1.622734328696553,1.5,0.6,3.0,60.0,16.0
SYN-0037,1.1386296709688073,0.8350584711108722,12.043116537158953,1.5517849157458334,285.0420576609887,7.367989206977604,0.8475943754778932,5.0,11.551552388824087,1.5,0.6,3.0,60.0,16.0
SYN-0038,1.6710604239487896,0.9793361763660067,30.81812763546245,6.1330218788875985,189.2002339961718,6.792673026948912,1.9659507707754387,2.0,0.5290145315814192,1.5,0.6,3.0,60.0,16.0
SYN-0039,1.0206194364831687,0.8436111761156265,6.142897788969681,5.9982627981471905,140.18064885295175,4.852200256852661,1.4895396270305223,2.0,2.655638917543458,1.5,0.6,3.0,60.0,16.0
SYN-0040,0.6,1.0030149378802538,57.07401398217209,4.812552362019479,296.17928887017797,7.385586499512518,0.9278375673114372,3.0,1.3552958992416446,1.5,0.6,3.0,60.0,16.0
SYN-0041,1.5745590124456734,1.1685769205345422,5.499584292981827,4.6998621990581375,167.725309635004,6.292653768632176,1.799925726337246,5.0,2.8901887600541003,1.5,0.6,3.0,60.0,16.0
SYN-0042,0.9061964575251585,1.2443546894080948,17.62919436650798,4.7546618021706735,229.63298957569774,6.768031927642769,0.7060064742600144,2.0,0.11116480064788527,1.5,0.6,3.0,60.0,16.0
SYN-0043,1.292420775455808,0.8951269394497101,37.37479635297237,7.002847021329133,190.68393823020972,5.45951408661327,1.197163655398527,1.0,0.6425688077738008,1.5,0.6,3.0,60.0,16.0
SYN-0044,1.064198478721555,0.7561305385217884,13.85978117808063,5.717226715521802,216.9937459594327,6.4075621575778685,0.6194289324176806,1.0,0.01,1.5,0.6,3.0,60.0,16.0
SYN-0045,1.1742802539910853,0.4990539225255641,15.306511098096108,5.465684639780597,65.93970200160476,7.053178177365339,1.4488413351894252,2.0,12.246232107051165,1.5,0.6,3.0,60.0,16.0
SYN-0046,0.8651481322056319,0.8336896532177447,8.706049523113972,6.276715372009333,251.48778290329884,6.039932081063274,1.960985634584055,2.0,2.237147151069861,1.5,0.6,3.0,60.0,16.0
SYN-0047,1.422615496443664,0.6835330124148233,13.572080219674278,3.0324760235419133,57.46411890863082,5.046504900931862,0.9491338365027577,3.0,7.096312488600821,1.5,0.6,3.0,60.0,16.0
SYN-0048,0.6442153319242073,1.2067863738051214,8.945402259353356,4.716020067271907,206.18852299407763,5.779881758389321,0.6438477039917396,2.0,0.01,1.5,0.6,3.0,60.0,16.0
SYN-0049,0.9679930390472649,0.8804740416313827,15.196001811983313,6.5975947359747344,122.96858948653986,6.315443179214691,1.4090340928303233,1.0,1.0912575424987052,1.5,0.6,3.0,60.0,16.0
SYN-0050,1.1782185209269396,0.6169856898093679,3.1377539810262025,5.923859359579734,200.36016466040726,6.828644499554905,1.7464292294824981,1.0,1.4263622848105704,1.5,0.6,3.0,60.0,16.0
SYN-0051,1.1678454286337068,1.0285276353800343,22.29713579086863,4.762023447935531,225.35516474893072,5.858156883776027,1.936486508366106,2.0,2.2156279524793474,1.5,0.6,3.0,60.0,16.0
SYN-0052,1.2408641968225886,0.8651573371915559,16.966713182210977,3.3453929016843427,289.5973969086113,5.355640437539025,2.597336302711409,0.6,2.7402653322782125,1.5,0.6,3.0,60.0,16.0
SYN-0053,1.1041329960175923,0.48240316154249846,2.143040164476979,5.1353173432758465,110.59910314986931,7.27656681909665,0.9584306335301682,2.0,1.8632163487846327,1.5,0.6,3.0,60.0,16.0
SYN-0054,1.2619871809105323,0.6542587358931643,9.736456982872658,3.1783970928641443,285.3810412600973,5.675479694015084,3.6472917054954452,3.0,1.2670926320336724,1.5,0.6,3.0,60.0,16.0
SYN-0055,1.120944184234865,0.9881317078196687,11.461317791206152,2.847864763503952,203.07204152904055,6.283544228866771,2.0697845662879923,3.0,7.895801067917519,1.5,0.6,3.0,60.0,16.0
SYN-0056,1.438915899452228,1.2046788516507023,40.218692550567425,7.405718176305,135.33869877843352,6.88734536008297,1.0644085931268659,2.0,0.8696088038319929,1.5,0.6,3.0,60.0,16.0
SYN-0057,0.9862703670714494,0.5253947697402624,25.533704364638478,6.670158677101467,210.47943910974337,6.16870294447287,2.014038575808068,2.0,0.9219759446373657,1.5,0.6,3.0,60.0,16.0
SYN-0058,0.8961819142938745,0.3,26.693819711535575,4.888722315263605,170.55837712330703,6.2544600152354395,0.848293589830251,2.0,2.9414048692373993,1.5,0.6,3.0,60.0,16.0
SYN-0059,1.0765453137983725,0.7986171646527713,23.159663209042563,4.281941470927716,281.0015136330357,6.723742853474559,1.6101594046882872,2.0,2.5967576365746714,1.5,0.6,3.0,60.0,16.0
SYN-0060,1.1636907559914451,0.8168973553128657,28.868824040832166,5.823039499827097,177.9228503968209,6.3931288774068715,3.1072226090180775,3.0,1.352005577783859,1.5,0.6,3.0,60.0,16.0
SYN-0061,1.9256653081571906,0.8986892972511771,9.93560416175654,4.469697025551582,220.0917928022463,6.2662748431444255,2.8074764231723637,2.0,0.01,1.5,0.6,3.0,60.0,16.0
SYN-0062,0.6,1.2150294737720133,8.998022645407628,5.645824854785886,146.71674231970457,6.03254226697717,2.1308466197758897,3.0,2.2002076696299304,1.5,0.6,3.0,60.0,16.0
SYN-0063,0.6,0.87666675216743,4.2744006261952565,6.4487941765291685,139.66839768290055,6.572133982529309,0.6258151662061922,5.0,1.5155639809595622,1.5,0.6,3.0,60.0,16.0
SYN-0064,0.8891565376774205,1.0154987406588456,31.255643482316525,4.919872184576625,209.27547315612503,5.813172078315097,0.8972283129414035,2.0,0.021172350215952984,1.5,0.6,3.0,60.0,16.0
SYN-0065,0.6281334115853369,0.5524824028108812,4.647333945765816,3.183039951901241,114.32669249798478,6.654965792359206,2.27897541834851,1.0,11.75971683400007,1.5,0.6,3.0,60.0,16.0
SYN-0066,1.706739106136788,0.8928828232569036,18.64845308936306,5.645900472124271,143.3543063788499,6.495039237117394,0.6930079980799184,1.0,2.346179097189043,1.5,0.6,3.0,60.0,16.0
SYN-0067,2.1544222987059594,1.2948744858302765,18.867242479809793,5.450945667128075,267.60459757565127,7.880044456377087,1.2691343164230366,2.0,0.0331904220322575,1.5,0.6,3.0,60.0,16.0
SYN-0068,1.3229952949825372,0.6211247214207501,6.824475052025855,4.760437126287434,132.40967287186493,6.214078996140398,2.343628598624126,5.0,0.15289815739474083,1.5,0.6,3.0,60.0,16.0
SYN-0069,1.2716785154684265,0.6566074958702648,5.194278976439705,4.693949396780356,209.75649578521,6.0961677815472095,2.530798969026376,2.0,0.33288242185812783,1.5,0.6,3.0,60.0,16.0
SYN-0070,1.4849552861947053,0.8333858242241151,21.57893861886025,7.401519638482354,163.46904860832421,7.31092267148524,3.078537082210482,2.0,0.02383711781053331,1.5,0.6,3.0,60.0,16.0
SYN-0071,1.237110228740848,0.7761353816578358,32.55514936460511,2.134694007283566,196.2078960285172,6.479919190022464,1.27891190498519,2.0,1.6274986932138846,1.5,0.6,3.0,60.0,16.0
SYN-0072,1.651257082936632,0.8831275911828271,7.991762557141265,7.971369076544275,30.0,7.5270023166503925,1.4601263873696015,2.0,0.4770464892703129,1.5,0.6,3.0,60.0,16.0
SYN-0073,1.1788365125096978,0.7067828755248267,10.359069236698257,5.0215947241062535,177.54988173362764,6.569373965328655,1.6760787487948599,5.0,2.1885872849974,1.5,0.6,3.0,60.0,16.0
SYN-0074,0.9911687475805688,0.3,13.681466671858228,5.278143845968281,100.08716973086948,5.589469116132944,1.2935976500379298,2.0,9.152153714911305,1.5,0.6,3.0,60.0,16.0
SYN-0075,1.261211209395853,1.0992316360133352,14.75528372002842,5.264349752501733,196.06147022471882,6.333888518022707,0.9912796243053321,1.0,1.2662318841116247,1.5,0.6,3.0,60.0,16.0
SYN-0076,0.9213683004974313,0.7082002497866031,1.2317409427041408,3.327242833143413,196.63179849939155,5.931940313363267,2.4458017119633606,3.0,2.059265117666547,1.5,0.6,3.0,60.0,16.0
SYN-0077,1.0790193800291563,0.8843084673976555,0.9566521206299919,5.668605728943294,201.5957102483108,5.473232442179779,0.7306391737803469,2.0,0.33420032220696066,1.5,0.6,3.0,60.0,16.0
SYN-0078,1.0090195126053465,0.6608246347889393,8.712739937601473,4.580859858344921,142.83826060295195,6.690354992045681,1.1828574239530791,0.6,0.9732905946168537,1.5,0.6,3.0,60.0,16.0
SYN-0079,0.9030435625243456,0.6553902549781,8.79067543079946,7.763487821167621,187.86570105451247,6.343711237737248,3.340279357007762,2.0,1.106688019254353,1.5,0.6,3.0,60.0,16.0
SYN-0080,1.3318506128530594,0.5387919984169205,6.231603290912384,2.949620955500982,155.88459051161848,5.8202026835661504,0.8528416145798606,2.0,3.4114249307210596,1.5,0.6,3.0,60.0,16.0
SYN-0081,1.674608361084158,0.44107739614362884,47.656202515962306,6.720276304877578,254.58458231039754,7.216997714046608,0.9907092637952756,2.0,0.71106892579338,1.5,0.6,3.0,60.0,16.0
SYN-0082,1.047675219124952,0.3,0.6985760624315508,4.0858197204754285,99.70616132978263,6.552790117085714,1.0943281997670535,1.0,4.775518134147933,1.5,0.6,3.0,60.0,16.0
SYN-0083,0.6149850760592763,1.074473151240012,19.979100723201576,4.818613204746104,181.99890816253327,7.0031489424253515,1.1231734606338635,2.0,2.7298750997675656,1.5,0.6,3.0,60.0,16.0
SYN-0084,0.9490541259539613,0.5400636060884305,6.617503801205207,7.872167289925543,107.63366495943572,5.860728646415718,1.0791094526155314,0.6,1.4016790647332105,1.5,0.6,3.0,60.0,16.0
SYN-0085,0.7521358642809557,0.8882356396527754,2.741691565599283,4.3829874142157,170.28918870959785,5.364724482813606,0.8654919963558324,0.6,1.5430433337073275,1.5,0.6,3.0,60.0,16.0
SYN-0086,1.463546154288585,0.5721081145797897,4.365251732081465,5.0123482078728845,196.05945346649338,7.718314310477565,2.049379982204235,2.0,3.4291325623976405,1.5,0.6,3.0,60.0,16.0
SYN-0087,1.3870245470688196,1.2974294482374606,23.07632975459736,8.78474836533162,157.00826664786604,5.229195559993318,1.9760786274327138,3.0,0.7476038618660985,1.5,0.6,3.0,60.0,16.0
SYN-0088,0.6,1.1627218351775583,23.887580126890118,6.524728234592885,167.5602428789284,7.044792151391892,1.0732575907031117,2.0,2.8678542780264826,1.5,0.6,3.0,60.0,16.0
SYN-0089,0.8174454599541933,0.6535797172943354,34.040285965938544,3.2870326177717137,80.16717716366686,6.405832465752377,3.4906605551024033,5.0,2.7240502982241765,1.5,0.6,3.0,60.0,16.0
SYN-0090,1.1177578058298299,0.5866575153133827,5.951432798284754,4.782488573791344,167.59963300662557,6.594770098834888,2.3897408084079186,3.0,4.634020938662362,1.5,0.6,3.0,60.0,16.0
SYN-0091,1.034172169113286,1.0860656998364178,8.037028068171162,5.479967115314953,231.97862789847758,6.180158818293489,1.7448533667008,2.0,0.05010593596600463,1.5,0.6,3.0,60.0,16.0
SYN-0092,1.371045372965686,0.5665569702537073,9.059935524177098,5.569404218853485,213.03862268305383,7.499029573148042,1.2378900935693624,2.0,0.47104501001253807,1.5,0.6,3.0,60.0,16.0
SYN-0093,0.9853403810846146,1.4246853468724718,11.532032005064554,2.502065116433856,167.19562211672658,5.95273704265169,1.2328468087855604,1.0,1.5026246258869582,1.5,0.6,3.0,60.0,16.0
SYN-0094,0.9136788456778597,0.9744998053574457,23.429854687968163,4.770663327838516,151.85728965564775,6.689331260244752,0.5654119380167476,1.0,2.8793705713941775,1.5,0.6,3.0,60.0,16.0
SYN-0095,1.253584208805355,1.1595303349745978,39.61486553286138,6.188917809521435,262.306098331982,5.390858887895098,2.2938434864641475,2.0,1.5250250503056444,1.5,0.6,3.0,60.0,16.0
SYN-0096,0.9344822506256251,0.7292868007134061,14.519075576430104,5.919869326069789,199.55942793839503,7.127168387786199,0.8536652704806814,2.0,0.09595337784393168,1.5,0.6,3.0,60.0,16.0
SYN-0097,0.9143970971520621,0.8886762373546591,2.0083617906263167,3.93287550070469,148.4871541520531,6.271072456255164,0.8926742850060334,3.0,0.8643398678433525,1.5,0.6,3.0,60.0,16.0
SYN-0098,1.2623460700315372,1.2953979491797685,3.631068522875683,6.966750849308735,223.68807733111612,6.347935839678611,1.7568302297826617,2.0,0.01,1.5,0.6,3.0,60.0,16.0
SYN-0099,0.6,0.9528415335161076,22.033469041419153,6.4771307135213085,138.25624236996592,5.859734001545337,1.1428367646777124,2.0,0.2338869089241075,1.5,0.6,3.0,60.0,16.0
SYN-0100,1.6190985060547867,1.2497851493417915,2.1142012042657123,5.520937610331511,196.22967455119976,6.231433306801763,1.4113186585207715,2.0,0.01,1.5,0.6,3.0,60.0,16.0
SYN-0101,0.7967709909102816,0.8098874995191597,1.954585115353252,3.9580682996141006,153.91930081921544,6.965778140825222,1.3994688055482143,2.0,0.7219239912841664,1.5,0.6,3.0,60.0,16.0
SYN-0102,0.6,1.0698626059680203,9.046492280090016,5.951364448115114,149.22364488919473,6.361124933084343,1.3535142258028863,2.0,0.5896838658291885,1.5,0.6,3.0,60.0,16.0
SYN-0103,1.6098462771290927,0.6327995826873234,21.97360538011364,4.7923188079320225,196.72576808361543,5.988416179178888,2.0957639807521837,2.0,1.1008047329217394,1.5,0.6,3.0,60.0,16.0
SYN-0104,0.8799844099799161,0.6087366726398112,8.575674661824824,6.863519374257862,66.61696879562545,6.091825432117549,0.681087006113539,2.0,1.091639567072603,1.5,0.6,3.0,60.0,16.0
SYN-0105,0.8495181981428953,0.7183354599751205,20.403150938073182,2.782740242857707,112.35216940263697,6.741717397728513,0.8658606531281884,0.6,2.2523395236572306,1.5,0.6,3.0,60.0,16.0
SYN-0106,0.9730434715792262,0.8840132311887694,25.418981165731363,5.028416721222251,172.94340961092854,6.649691637840497,0.9197939218474522,1.0,1.0454594872342975,1.5,0.6,3.0,60.0,16.0
SYN-0107,1.3632654268484286,1.1504220704948218,23.185904002443284,8.10813803021702,127.80857708674372,5.715177073096066,3.5931876980967545,2.0,2.658643103428396,1.5,0.6,3.0,60.0,16.0
SYN-0108,0.9625030591256669,0.7340442318259667,1.9979882827995175,4.2327055592617135,204.64576094116663,5.792102192482277,2.2368743946092144,2.0,4.359595622576118,1.5,0.6,3.0,60.0,16.0
SYN-0109,1.0560473830031174,0.4781679500416512,9.935949611842016,5.051658696215144,256.9271531538014,5.883173885057645,0.7731884870553182,3.0,1.914977152021256,1.5,0.6,3.0,60.0,16.0
SYN-0110,1.4775306779215969,0.5218394376544618,38.79826703697182,5.683651049481498,108.69668953462099,5.655465571390572,3.3772859352154248,3.0,1.5337726737807875,1.5,0.6,3.0,60.0,16.0
SYN-0111,0.7203252014672987,1.033904455655747,11.347462259546235,5.730669155934129,118.20537034760477,6.444479864997001,2.0638491695885235,3.0,4.08268112573903,1.5,0.6,3.0,60.0,16.0
SYN-0112,0.8122639385995287,0.8584087412190742,2.80552127137009,3.5347210519013736,173.28808787887147,5.0417825444728965,3.14464533747518,5.0,3.7734547424264013,1.5,0.6,3.0,60.0,16.0
SYN-0113,1.2810096784707892,1.0151352266971037,15.312709208473695,7.331081896180489,100.21786498028992,6.037504106813865,3.8704528542481014,2.0,1.472799039019189,1.5,0.6,3.0,60.0,16.0
SYN-0114,0.8826866948191459,0.3,22.33422216293714,4.106134720112578,173.5910085929815,6.132776686200944,3.067571971355947,2.0,5.699870003711369,1.5,0.6,3.0,60.0,16.0
SYN-0115,0.9875368508247262,0.6088194983548407,3.3864343819343006,3.350190709882826,205.7179278549581,6.988667808274294,4.253805048344303,5.0,6.5009436733945805,1.5,0.6,3.0,60.0,16.0
SYN-0116,1.6069630568979294,0.48408345762547395,27.18644876468839,3.7277028069108074,244.60999544710626,6.405301141942199,1.441455063569942,2.0,2.632959040288612,1.5,0.6,3.0,60.0,16.0
SYN-0117,0.6391320647996831,0.6253001595720035,53.49679932269027,6.127977439032542,210.79235496203515,6.571156522452528,1.7744970175307178,2.0,2.1861564599386796,1.5,0.6,3.0,60.0,16.0
SYN-0118,1.7250350554168392,1.264765416800011,5.068228588839651,7.4909968558531554,263.13894350619603,5.9416312143304175,0.687060684140851,3.0,0.17437598557463674,1.5,0.6,3.0,60.0,16.0
SYN-0119,1.7195173283672762,0.5147740952613076,8.897289663345747,5.234781936884213,236.983051697497,7.18361009450837,1.8907179119573942,3.0,2.2766676641321664,1.5,0.6,3.0,60.0,16.0
SYN-0120,1.343615821535381,1.0284506701684721,24.61511011200629,3.67071574814519,212.26750031533925,6.095963161063497,1.8703244363654365,1.0,1.7461553426471403,1.5,0.6,3.0,60.0,16.0
SYN-0121,1.7335539648719527,1.386807774714855,7.1862049199261016,4.85514956062033,148.98643028438815,6.11189303834489,1.1683792863212543,3.0,0.9323360628869399,1.5,0.6,3.0,60.0,16.0
SYN-0122,1.8538622110636924,0.8963486261922015,7.290864666839898,7.635114241318723,121.2453040950509,5.697978245684165,2.4966544144816867,2.0,2.2108680139754213,1.5,0.6,3.0,60.0,16.0
SYN-0123,1.8831262918328877,0.4088517629620519,8.938827055695441,4.7807425443106135,54.05287374432773,6.82855346518223,1.6284935075497602,3.0,2.178172919932585,1.5,0.6,3.0,60.0,16.0
SYN-0124,1.808015960727321,0.6292417740821794,2.140745274768248,6.826216491824846,107.7643117047836,7.020176867337361,2.037857109496265,1.0,0.01,1.5,0.6,3.0,60.0,16.0
SYN-0125,1.648384246739562,0.7835901181843618,6.408220660962774,6.559017009701188,166.54032961598162,7.990612147364487,1.044362615148683,2.0,0.7392713202592258,1.5,0.6,3.0,60.0,16.0
SYN-0126,1.5109761484090667,0.7506178327340012,7.925808598017785,7.3807275509217005,158.76526214338617,6.382163341714387,0.6570980151617543,2.0,3.914066111069877,1.5,0.6,3.0,60.0,16.0
SYN-0127,0.6485096463271292,1.1300515245135079,17.97031672511016,5.598118207727045,237.74336164596997,6.427638659503245,1.606704801184608,3.0,1.6177354873323493,1.5,0.6,3.0,60.0,16.0
SYN-0128,1.852493285116885,0.5491013857544886,28.293439802720137,7.43609296934774,191.54889516274437,6.479899276998803,3.7076930008965796,3.0,3.549467321772303,1.5,0.6,3.0,60.0,16.0
SYN-0129,0.6,0.8860438968469054,3.622585028537841,4.5482087780157965,257.24353339154413,6.953621103428015,3.3289878722194657,1.0,1.4337138189030303,1.5,0.6,3.0,60.0,16.0
SYN-0130,1.6928885165935337,0.786875731327315,27.86974722751956,7.582300722500047,197.81092462511913,7.669734656758162,2.634539663193459,2.0,0.4762393710973774,1.5,0.6,3.0,60.0,16.0
SYN-0131,1.3872535850111738,0.9595361071201307,60.0,5.738313796531379,105.01744427617984,6.1649826538665575,0.4066745619784431,2.0,2.7626187743917097,1.5,0.6,3.0,60.0,16.0
SYN-0132,1.168727059507449,1.5,30.696793026863208,5.858282438312337,76.01486684944501,7.411692123198852,1.7586463221527493,2.0,1.48687508891918,1.5,0.6,3.0,60.0,16.0
SYN-0133,1.2753807729372455,0.7136706089971514,5.248615876684936,5.78952093553525,68.08564444115034,6.620480633431985,0.8065926487723943,2.0,2.2747061952792875,1.5,0.6,3.0,60.0,16.0
SYN-0134,1.2056513487426372,0.7912143144387016,11.84840544113372,4.448257949841401,80.82002256309244,5.938529003829866,0.9989365239987645,2.0,5.005185044219589,1.5,0.6,3.0,60.0,16.0
SYN-0135,0.6836336892082314,1.2168886661945153,20.598169352452718,3.616559425274952,228.92128202367206,6.198179671657707,1.988046772253429,2.0,0.3720139085002713,1.5,0.6,3.0,60.0,16.0
SYN-0136,1.311217412786729,0.3733823950095015,60.0,5.500973010361941,104.82399529999238,7.683484519768474,0.9598472306474936,2.0,1.1495531650529478,1.5,0.6,3.0,60.0,16.0
SYN-0137,0.6,0.628422360065445,8.39817570590727,4.464053222373458,121.95276595158637,6.4022792415364895,2.2845063652248023,2.0,1.882227879477083,1.5,0.6,3.0,60.0,16.0
SYN-0138,1.4739857287094862,0.6717999163988053,14.274531120551453,6.1839049193271824,272.31770846975473,6.02219428029773,1.1496757489913798,1.0,3.8027564874805506,1.5,0.6,3.0,60.0,16.0
SYN-0139,1.8713302781209171,1.4742025550123496,5.331781979148173,3.900614745935213,228.64290421688096,7.536296290560323,1.455120042845459,2.0,0.7763303347050834,1.5,0.6,3.0,60.0,16.0
SYN-0140,0.6,0.7167329857812262,22.49939040445881,6.7157387952511876,166.9027556206947,6.633626997784763,4.405851390328081,3.0,0.9445024639420494,1.5,0.6,3.0,60.0,16.0
SYN-0141,0.7002571591160782,0.8592180591536843,3.1651025386520093,5.334409006790436,247.19561393693238,5.948979481551118,2.4978509387536345,1.0,3.078046106335708,1.5,0.6,3.0,60.0,16.0
SYN-0142,1.9320933975871262,0.7249679361140728,27.686566456263492,7.547795368804861,102.45457607320246,5.694563423470166,1.6866500191541574,2.0,0.4237756734996402,1.5,0.6,3.0,60.0,16.0
SYN-0143,0.6,0.810988387729988,14.36158650394437,2.4710399166216104,173.60336341387054,6.246270775046452,2.7346733294300347,2.0,3.6620819823110162,1.5,0.6,3.0,60.0,16.0
SYN-0144,1.1946493546354877,0.846330105439217,31.656643870720835,5.50163457998807,194.31214225486536,5.84972247027944,1.502492921963351,2.0,2.060057651505516,1.5,0.6,3.0,60.0,16.0
SYN-0145,0.6561841577840423,1.300735170539928,2.8812317082807746,3.822979808215289,223.03148627589317,7.541849398622462,1.02737237024157,1.0,1.086960537742756,1.5,0.6,3.0,60.0,16.0
SYN-0146,1.2481789324502415,0.852072669105363,17.7846828678088,3.3186627533768682,229.78932954427148,6.539461182278042,0.9761935739171101,3.0,0.59926135107861,1.5,0.6,3.0,60.0,16.0
SYN-0147,0.6005387935175007,0.899606936301176,3.602179363429246,3.8531375204249887,272.28810956332995,6.736500167026563,3.8639477269282745,0.6,0.01,1.5,0.6,3.0,60.0,16.0
SYN-0148,1.324879877179299,0.950839361318194,60.0,4.281840236804673,143.42113062541762,6.411183363502988,1.1212302580151465,3.0,2.2887220304781586,1.5,0.6,3.0,60.0,16.0
SYN-0149,1.0347515734441857,0.6221698985830715,60.0,5.072027687652024,117.01674174291806,6.9353060702629525,2.028177959723808,2.0,6.802441350927382,1.5,0.6,3.0,60.0,16.0
SYN-0150,1.020672353660412,0.7007568957945246,39.71530443395467,6.76137457351685,197.91750700295208,6.230810269573842,2.174067866975528,2.0,0.7310653889132863,1.5,0.6,3.0,60.0,16.0
SYN-0151,0.7979312395974443,1.2583479731676024,4.282905190049562,6.190294955894529,119.93665239808374,7.005509787730834,1.1167673975681367,0.6,0.1989879022248635,1.5,0.6,3.0,60.0,16.0
SYN-0152,0.6,1.5,13.623061532095125,5.258443085654055,268.99365142667193,6.161237524211036,2.705120849811644,2.0,1.9046393629383376,1.5,0.6,3.0,60.0,16.0
SYN-0153,0.7590171604534701,0.35364884305136207,23.361279149567462,4.746239205970004,129.16108051844466,5.618977141319959,0.5828386647190276,2.0,5.79029797350767,1.5,0.6,3.0,60.0,16.0
SYN-0154,1.023048619221112,1.1717637307310582,6.127085973322935,3.1631918760032542,229.64309920674657,5.582309510786404,2.897011886651969,2.0,1.6623706496547057,1.5,0.6,3.0,60.0,16.0
SYN-0155,0.8242610270262674,0.6505973331077566,29.873632757793054,4.1899286186329245,204.29924246276545,7.6468829272310925,1.0038994304955786,2.0,0.3957715730859183,1.5,0.6,3.0,60.0,16.0
SYN-0156,1.1348908752675346,0.932382496385136,44.845358058324635,4.775775042492702,137.40274087736563,5.535412165945976,0.8788216797874961,2.0,1.5954421131206433,1.5,0.6,3.0,60.0,16.0
SYN-0157,0.8997236476248722,0.8503121032566899,27.479005921062367,6.009633869253319,179.04813336050927,6.514440113298035,1.068801872558188,2.0,0.46948856063267214,1.5,0.6,3.0,60.0,16.0
SYN-0158,1.5639823558719042,0.5586361354090031,25.54064839084428,4.987000233944473,145.43936891982074,6.5690600918602815,0.8416372762263153,2.0,0.5356636071824474,1.5,0.6,3.0,60.0,16.0
SYN-0159,1.6867169524211811,1.0831161620771894,30.3625714871748,5.625131865743769,190.5266334006837,5.866724835942356,0.7135919063747851,2.0,0.037006669232882566,1.5,0.6,3.0,60.0,16.0
SYN-0160,1.240685845299571,0.7595757671373665,15.219996718159024,5.4564275121235575,343.3424387110863,6.396756069296961,1.2207731743680936,2.0,0.4454706752525409,1.5,0.6,3.0,60.0,16.0
SYN-0161,1.1311254354104252,0.5466251876863031,26.055754239690444,4.803197039576554,131.89077080759523,6.195870316743397,0.7394859554969606,2.0,4.914401191323806,1.5,0.6,3.0,60.0,16.0
SYN-0162,1.1988374551787722,0.3,6.373542162141605,3.2011937021044723,83.31100692414529,5.910437922079491,1.6720260588166245,3.0,0.9550810425357379,1.5,0.6,3.0,60.0,16.0
SYN-0163,1.256856077479725,0.7526162406073283,36.745732340915346,4.12486646840563,191.87639562351825,6.846584319783057,2.6379432550363786,1.0,2.2204599494971005,1.5,0.6,3.0,60.0,16.0
SYN-0164,1.1622578172982447,0.7733658529728528,15.221282755138516,6.493228454653954,109.96988957796866,6.706154775315174,1.4224320609799705,2.0,2.2480715676113383,1.5,0.6,3.0,60.0,16.0
SYN-0165,1.0515220311378881,0.3,39.630976093215885,6.5080386612801036,138.12007891432938,5.208913997434003,0.9119843638911167,2.0,6.5454251274214394,1.5,0.6,3.0,60.0,16.0
SYN-0166,1.106110866545741,1.2529398743155906,17.49058796131791,1.5822297267731584,124.47325520414421,6.282664438094856,1.7352792398874568,2.0,2.3563644432410937,1.5,0.6,3.0,60.0,16.0
SYN-0167,1.1784470310182462,0.8834697017258221,5.221581452702508,5.829928819767295,238.80989275913583,7.01793395601018,2.2038188008703514,2.0,0.01,1.5,0.6,3.0,60.0,16.0
SYN-0168,1.2726134374430083,1.026237995109498,22.42275284413634,8.194353423688547,101.75663786721472,6.967453569049659,2.7196760589003572,1.0,4.837538046042089,1.5,0.6,3.0,60.0,16.0
SYN-0169,0.9001757403502852,0.6460907266990645,4.97561061839473,4.840132596451031,205.59977235506037,7.1232572623251835,2.7905981983133445,3.0,1.8851369201879833,1.5,0.6,3.0,60.0,16.0
SYN-0170,1.3462941922280052,1.3118349810767267,8.463660276312254,6.059777874682677,78.49371632223142,6.989827271218441,3.3093520286362517,3.0,3.109925097121968,1.5,0.6,3.0,60.0,16.0
SYN-0171,1.4464928458913051,1.5,11.422093590367059,5.350211718774815,185.32177000926697,5.928466349092225,1.6336388019845862,1.0,3.2376087583915414,1.5,0.6,3.0,60.0,16.0
SYN-0172,1.0355493847599815,0.9638731426319131,3.5246668677803488,3.198792342459787,142.58608923521314,6.713053019614185,5.916069079298837,3.0,7.570086718154428,1.5,0.6,3.0,60.0,16.0
SYN-0173,0.9593237191135122,1.3138584934301756,14.044245171173428,8.809282277154995,281.98711340243926,6.146945911718488,2.577534851440674,3.0,0.01,1.5,0.6,3.0,60.0,16.0
SYN-0174,0.8290573690595722,0.3360987720634667,10.382744364113618,3.6804207894733905,206.33429098711042,6.133667957116028,2.862238444453842,2.0,17.293100065243483,1.5,0.6,3.0,60.0,16.0
SYN-0175,2.2251510659741345,0.321336740848078,18.102629960420217,6.4942953399981365,340.7099509217488,6.940108256911849,1.8479072757335009,2.0,1.638504576238228,1.5,0.6,3.0,60.0,16.0
SYN-0176,1.6367459745136823,0.9223019990974769,23.083772003998316,5.1345300775979785,162.73867688362992,5.6259649534574265,1.956721001771615,2.0,1.553942076737751,1.5,0.6,3.0,60.0,16.0
SYN-0177,1.5954716462256617,0.8835165040451909,4.803330992959489,6.017055115382131,71.05485105438042,5.614809468022906,1.5355568162702873,1.0,0.1885297463755835,1.5,0.6,3.0,60.0,16.0
SYN-0178,1.2669041220042347,0.5014689397672748,3.3054285803727486,4.958299087454279,235.9834262567952,8.270633544708907,0.7526436992989523,1.0,0.01,1.5,0.6,3.0,60.0,16.0
SYN-0179,1.1146866281860408,0.3421817180880432,8.820041267735098,8.273008807994405,55.59755181242079,6.9196149325134755,1.485910527188788,3.0,0.9772040355999647,1.5,0.6,3.0,60.0,16.0
SYN-0180,0.7444985198358851,0.66278586009288,5.276943191431816,7.911160435584685,177.20665502434636,7.184471958593392,1.5849542740635876,2.0,1.0636778901514172,1.5,0.6,3.0,60.0,16.0
SYN-0181,1.575964520463279,0.8262786112814575,27.794259726182002,3.8665754750729837,289.08379396428666,6.256409728693292,0.5257713466701935,2.0,2.1078174132484224,1.5,0.6,3.0,60.0,16.0
SYN-0182,1.1703294930634807,0.768018782195835,9.806145448862392,7.172302570748695,229.9548173827652,7.059167993387989,4.775397933412892,5.0,0.6424360793325161,1.5,0.6,3.0,60.0,16.0
SYN-0183,1.0512985702327706,0.8425553829693433,38.34236724756968,3.866205693633754,148.81232790183475,5.414993820181373,2.7032134384608404,5.0,3.2781059349161668,1.5,0.6,3.0,60.0,16.0
SYN-0184,1.0739897357072359,1.0578459460242478,8.97263137041365,3.219346506830812,273.48547442919903,6.593945184215809,1.0690222074358,3.0,0.01,1.5,0.6,3.0,60.0,16.0
SYN-0185,0.6642561606687133,0.6205199029701407,60.0,4.02096510144758,229.14328965258733,7.490227229821516,3.0372686051997873,3.0,4.942268831857821,1.5,0.6,3.0,60.0,16.0
SYN-0186,1.063266374294085,1.2307916199438134,38.45058028141463,5.550793434950557,243.4411666882751,7.57998335045027,2.8004024248815353,1.0,1.4623734351107038,1.5,0.6,3.0,60.0,16.0
SYN-0187,1.290213876216215,0.5053165557757142,60.0,4.856091889140356,129.0380202471801,7.214736282152348,2.7262023384109324,0.6,1.2370764602672537,1.5,0.6,3.0,60.0,16.0
SYN-0188,2.064173159402497,0.4838964521301204,4.56035853188453,4.548054122890412,138.22319704678998,5.705619057152202,1.5185215398197285,2.0,3.136897635365435,1.5,0.6,3.0,60.0,16.0
SYN-0189,1.7975491369345313,1.0194557479487332,53.610080738642964,6.8324565625646425,125.99152627738154,5.63672820556539,1.2184877190815135,5.0,0.5592953240165115,1.5,0.6,3.0,60.0,16.0
SYN-0190,1.2460830331201265,0.6068556080499469,17.452459289452133,4.691389710439754,286.99521591600063,6.265588642141811,2.1038619991981022,0.6,4.687798355178476,1.5,0.6,3.0,60.0,16.0
SYN-0191,1.6041770755038693,1.0007017374483833,9.828461584275448,3.390787934305229,188.4533526887998,7.860337889344831,0.5569201687816462,1.0,2.4236741719670176,1.5,0.6,3.0,60.0,16.0
SYN-0192,0.6,0.9643768963046316,8.219157558142342,6.297975658537813,270.159631235461,6.106813306072671,1.6294516398162582,2.0,0.01,1.5,0.6,3.0,60.0,16.0
SYN-0193,1.3983738330459563,0.8363524977461523,8.346192674176088,5.594326068446044,186.04823168265136,5.75536990190397,1.6271060083360689,2.0,2.493612021879546,1.5,0.6,3.0,60.0,16.0
SYN-0194,1.5355053872824291,0.8649736112279901,7.204603391205075,6.609439219545272,181.2204948400919,7.73082966859017,0.6601609102184555,5.0,0.01,1.5,0.6,3.0,60.0,16.0
SYN-0195,1.2829350252288878,0.8522341370689696,9.23300000097539,7.2203709225133945,283.53803147962816,6.9316145990219,1.7909286466062875,1.0,0.01,1.5,0.6,3.0,60.0,16.0
SYN-0196,1.9054056961664942,0.6891936546340661,12.157788405924958,6.796704916068192,217.2387480748299,6.760357442355794,0.4744683674717145,2.0,0.01,1.5,0.6,3.0,60.0,16.0
SYN-0197,1.0118007820177837,0.8134835039864535,12.503599421809229,6.656927167337131,267.9869054733359,6.6380656062256,3.493612952728907,3.0,1.078856010625623,1.5,0.6,3.0,60.0,16.0
SYN-0198,0.6,0.9394903920155268,22.06443284994218,5.643394920107604,237.91259474110723,6.018190755115384,0.9153931334681545,5.0,0.5639337952368615,1.5,0.6,3.0,60.0,16.0
SYN-0199,0.9134090462827115,1.5,14.020393510416653,5.092687069174813,162.411945664296,7.187453266152604,0.5799544602634552,2.0,0.4753285470123857,1.5,0.6,3.0,60.0,16.0
SYN-0200,1.4639332119587083,0.8948244882914992,1.9464908368001266,5.1341428741686235,201.0936454660279,5.98839512828364,1.4006489638864004,2.0,0.01,1.5,0.6,3.0,60.0,16.0
